k,recall_mean,recall_std,ndcg_mean,ndcg_std,mrr_mean,mrr_std,map_mean,map_std
1,0.2456,0.430442377095936,0.2456,0.430442377095936,0.2456,0.430442377095936,0.2456,0.430442377095936
3,0.27666666666666667,0.2617674964968382,0.30501175519945795,0.2889671610570542,0.4949333333333334,0.4474581246701565,0.4884833333333333,0.4396013089531619
5,0.28931999999999997,0.2148439843235086,0.3309643015873655,0.24524562189513624,0.6003733333333333,0.41441843395293115,0.5670911111111111,0.38287428585198385
10,0.3024,0.16875497029717376,0.3595292083182302,0.19612626555428736,0.7147501587301587,0.3619762548962188,0.6035858147518267,0.28591663164622905
