k,recall_mean,recall_std,ndcg_mean,ndcg_std,mrr_mean,mrr_std,map_mean,map_std
1,0.2668,0.4422869656682187,0.2668,0.4422869656682187,0.2668,0.4422869656682187,0.2668,0.4422869656682187
3,0.2880666666666667,0.2605460846418963,0.3196900277843333,0.28708195094596445,0.5231333333333333,0.44610457667830905,0.5164833333333333,0.4383418500440039
5,0.29956000000000005,0.2109782130932007,0.3460203279448825,0.24066844570531362,0.6341566666666666,0.4068186053731783,0.5982872222222222,0.37624863935236513
10,0.31332,0.16593546215321184,0.37414555787771453,0.19297963966413886,0.7431668253968254,0.3481646476119993,0.6193701173784328,0.27349896343247065
