k,recall_mean,recall_std,ndcg_mean,ndcg_std,mrr_mean,mrr_std,map_mean,map_std
1,0.2108,0.40787664801996204,0.2108,0.40787664801996204,0.2108,0.40787664801996204,0.2108,0.40787664801996204
3,0.2398666666666667,0.2509041074018341,0.2655032955830938,0.2787826780302326,0.4408333333333333,0.4467218560431834,0.4352666666666666,0.43932541216935966
5,0.25311999999999996,0.2092899080223411,0.2917755593072571,0.24061675561903467,0.5486066666666667,0.42574164408842025,0.5202975000000001,0.396657443671858
10,0.26844,0.16329104813185566,0.32060915032244675,0.1935265308667828,0.6663786507936508,0.3797396851684128,0.5642381355190224,0.3032021031355648
