k,recall_mean,recall_std,ndcg_mean,ndcg_std,mrr_mean,mrr_std,map_mean,map_std
1,0.1698,0.3754570015327987,0.1698,0.3754570015327987,0.1698,0.3754570015327987,0.1698,0.3754570015327987
3,0.20986666666666665,0.24285428644445303,0.22927978704888902,0.26826029695262216,0.3823,0.4360008142194232,0.3776,0.4288083177053978
5,0.22244,0.20750047325247237,0.25182569874060795,0.2367526911798793,0.47560666666666657,0.4267280799030898,0.4522177777777778,0.3980925998254708
10,0.24152000000000004,0.17172096435787915,0.28160053857852935,0.20142391818242586,0.5864133333333333,0.3974763782565672,0.5002368808893928,0.31843840406353086
